Label ID, Label Name, Link
77423, Smallville Records, https://www.discogs.com/label/77423-Smallville-Records
720419, Senso Sounds, https://www.discogs.com/label/720419-Senso-Sounds
1851, Rush Hour Recordings, https://www.discogs.com/label/1851-Rush-Hour-Recordings
1038844, MixCult, https://www.discogs.com/label/1038844-MixCult
5692, Record Makers, https://www.discogs.com/label/5692-Record-Makers
1466, BPitch Control, https://www.discogs.com/label/1466-BPitch-Control
687894, Tone Dropout, https://www.discogs.com/label/687894-Tone-Dropout
374850, Unterton, https://www.discogs.com/label/374850-Unterton
178535, Ostgut Ton, https://www.discogs.com/label/178535-Ostgut-Ton
23528, Warp Records, https://www.discogs.com/label/23528-Warp-Records
1029168, Afterlife, https://www.discogs.com/label/1029168-Afterlife-6
753105, Hungry Music, https://www.discogs.com/label/753105-Hungry-Music
163998, Polytone Recordings, https://www.discogs.com/label/163998-Polytone-Recordings
65616, Aus Music, https://www.discogs.com/label/65616-Aus-Music
6576, Dubmission Records, https://www.discogs.com/label/6576-Dubmission-Records
14882, Jarring Effects, https://www.discogs.com/label/14882-Jarring-Effects
319096, Future Trance, https://www.discogs.com/label/319096-Future-Trance
15240, A State Of Trance, https://www.discogs.com/label/15240-A-State-Of-Trance
6749, Q-Dance, https://www.discogs.com/label/6749-Q-Dance
4782, Beat Records, https://www.discogs.com/label/4782-Beat-Records
59, Tresor, https://www.discogs.com/label/59-Tresor
113, NovaMute, https://www.discogs.com/label/113-NovaMute
43, Axis, https://www.discogs.com/label/43-Axis
881911, Plus 8 Records, https://www.discogs.com/label/881911-Plus-8-Records
388, Transmat, https://www.discogs.com/label/388-Transmat
258, Underground Resistance, https://www.discogs.com/label/258-Underground-Resistance
415, Metroplex, https://www.discogs.com/label/415-Metroplex
1908, Bunker Records, https://www.discogs.com/label/1908-Bunker-Records
237, Drumcode, https://www.discogs.com/label/237-Drumcode
269, Force Inc. Music Works, https://www.discogs.com/label/269-Force-Inc-Music-Works
107, Rephlex, https://www.discogs.com/label/107-Rephlex
253, Peacefrog Records, https://www.discogs.com/label/253-Peacefrog-Records
1582930, Capra Records, https://www.discogs.com/label/1582930-Capra-Records-2
79724, echospace [detroit], https://www.discogs.com/label/79724-echospace-detroit
814927, Disco Halal, https://www.discogs.com/label/814927-Disco-Halal
1169, Ministry Of Sound, https://www.discogs.com/label/1169-Ministry-Of-Sound
25329, Mule Musiq, https://www.discogs.com/label/25329-Mule-Musiq
102190, Torrentech, https://www.discogs.com/label/102190-Torrentech
45909, Anjunadeep, https://www.discogs.com/label/45909-Anjunadeep
3870, Anjunabeats, https://www.discogs.com/label/3870-Anjunabeats
769094, Armada, https://www.discogs.com/label/769094-Armada-4
135139, Resident Advisor, https://www.discogs.com/label/135139-Resident-Advisor
2068, Trojan Records, https://www.discogs.com/label/2068-Trojan-Records
251, Nervous Records, https://www.discogs.com/label/251-Nervous-Records
109, Ninja Tune, https://www.discogs.com/label/109-Ninja-Tune
715, Kompakt, https://www.discogs.com/label/715-Kompakt
57683, Rockstar Games, https://www.discogs.com/label/57683-Rockstar-Games
432608, Grand Theft Auto Vice City O.S.T., https://www.discogs.com/label/432608-Grand-Theft-Auto-Vice-City-OST
1747640, BienAimer Music, https://www.discogs.com/label/1747640-BienAimer-Music
1929530, Up The Stuss, https://www.discogs.com/label/1929530-Up-The-Stuss
546977, East End Dubs, https://www.discogs.com/label/546977-East-End-Dubs
888953, Magicwire, https://www.discogs.com/label/888953-Magicwire
1039758, 4Plae Records, https://www.discogs.com/label/1039758-4Plae-Records
1924306, Sous-Vide Records, https://www.discogs.com/label/1924306-Sous-Vide-Records
1276142, Enclave Records, https://www.discogs.com/label/1276142-Enclave-Records-4
1085399, Siamese, https://www.discogs.com/label/1085399-Siamese-2
98, Defected, https://www.discogs.com/label/98-Defected
2698, STIR15 Recordings, https://www.discogs.com/label/2698-STIR15-Recordings
13841, Booby Trap Recordings, https://www.discogs.com/label/13841-Booby-Trap-Recordings
255, Basic Channel, https://www.discogs.com/label/255-Basic-Channel
706, Underground, https://www.discogs.com/label/706-Underground
470531, Pressology, https://www.discogs.com/label/470531-Pressology
235, Djax-Up-Beats, https://www.discogs.com/label/235-Djax-Up-Beats
1031, Synewave, https://www.discogs.com/label/1031-Synewave
337, Mosquito, https://www.discogs.com/label/337-Mosquito
315, Downwards, https://www.discogs.com/label/315-Downwards
1015, Blueprint, https://www.discogs.com/label/1015-Blueprint
1452, Sonic Groove, https://www.discogs.com/label/1452-Sonic-Groove
73, Ferox Records, https://www.discogs.com/label/73-Ferox-Records
16789, Essay Recordings, https://www.discogs.com/label/16789-Essay-Recordings
1603504, VinylBleu.fr, https://www.discogs.com/label/1603504-VinylBleufr
1006, BBE, https://www.discogs.com/label/1006-BBE
736882, Pacific Rhythm, https://www.discogs.com/label/736882-Pacific-Rhythm
19066, Ed-Banger Records, https://www.discogs.com/label/19066-Ed-Banger-Records
2351, Vandit Records, https://www.discogs.com/label/2351-Vandit-Records
1554562, clipp.art, https://www.discogs.com/label/1554562-clippart
1069429, Trance Wax, https://www.discogs.com/label/1069429-Trance-Wax
1311, Kosmo Records, https://www.discogs.com/label/1311-Kosmo-Records
353749, Toy Tonics, https://www.discogs.com/label/353749-Toy-Tonics
264267, Wordandsound, https://www.discogs.com/label/264267-Wordandsound
5241, Gomma, https://www.discogs.com/label/5241-Gomma
58500, REKIDS, https://www.discogs.com/label/58500-REKIDS
862084, Melting Records, https://www.discogs.com/label/862084-Melting-Records-2
313108, Ohral Recordings, https://www.discogs.com/label/313108-Ohral-Recordings
211593, Steppas, https://www.discogs.com/label/211593-Steppas
2307, Central Station, https://www.discogs.com/label/2307-Central-Station
114203, B1 Recordings, https://www.discogs.com/label/114203-B1-Recordings
324193, Cracki Records, https://www.discogs.com/label/324193-Cracki-Records
49600, Tôt Ou Tard, https://www.discogs.com/label/49600-T%C3%B4t-Ou-Tard
19672, Grönland Records, https://www.discogs.com/label/19672-Gr%C3%B6nland-Records
2575, Nation Records, https://www.discogs.com/label/2575-Nation-Records
1912, Jazzanova Compost Records (JCR), https://www.discogs.com/label/1912-Jazzanova-Compost-Records-JCR
1748, Sonar Kollektiv, https://www.discogs.com/label/1748-Sonar-Kollektiv
1367297, Virage Records, https://www.discogs.com/label/1367297-Virage-Records
1535866, Haŵs, https://www.discogs.com/label/1535866-Ha%C5%B5s
74832, Insectorama, https://www.discogs.com/label/74832-Insectorama
50166, Innervisions, https://www.discogs.com/label/50166-Innervisions
1, Planet E, https://www.discogs.com/label/1-Planet-E
2, Earthtones Recordings, https://www.discogs.com/label/2-Earthtones-Recordings
3, Seasons Recordings, https://www.discogs.com/label/3-Seasons-Recordings
4, Siesta Music, https://www.discogs.com/label/4-Siesta-Music
5, Svek, https://www.discogs.com/label/5-Svek
6, Ruffhouse Records, https://www.discogs.com/label/6-Ruffhouse-Records
605646, D.KO Records, https://www.discogs.com/label/605646-DKO-Records
7780, Mathematics Recordings, https://www.discogs.com/label/7780-Mathematics-Recordings
77343, Sub Pop, https://www.discogs.com/label/77343-Sub-Pop
1643995, Rush Hour, https://www.discogs.com/label/1643995-Rush-Hour-4
83572, Favorite Recordings, https://www.discogs.com/label/83572-Favorite-Recordings
254235, Local Talk, https://www.discogs.com/label/254235-Local-Talk
684708, Sushitech Records, https://www.discogs.com/label/684708-Sushitech-Records
57092, Sushitech Purple, https://www.discogs.com/label/57092-Sushitech-Purple
67153, Pariter, https://www.discogs.com/label/67153-Pariter
175727, Little Helpers, https://www.discogs.com/label/175727-Little-Helpers
192936, Hot Creations, https://www.discogs.com/label/192936-Hot-Creations
1228, Adult Only, https://www.discogs.com/label/1228-Adult-Only
620363, Moss Co, https://www.discogs.com/label/620363-Moss-Co
192723, Moscow Records, https://www.discogs.com/label/192723-Moscow-Records
89598, Silent Season, https://www.discogs.com/label/89598-Silent-Season
152686, Composite Records, https://www.discogs.com/label/152686-Composite-Records-2
1592346, Hashtek23 Records, https://www.discogs.com/label/1592346-Hashtek23-Records
41679, Mobilee, https://www.discogs.com/label/41679-Mobilee
260689, Rawax, https://www.discogs.com/label/260689-Rawax
190388, Houseworx, https://www.discogs.com/label/190388-Houseworx
270083, DBH Music, https://www.discogs.com/label/270083-DBH-Music
34708, Dirtybird, https://www.discogs.com/label/34708-Dirtybird
159295, Mord, https://www.discogs.com/label/159295-Mord
18, Soma Quality Recordings, https://www.discogs.com/label/18-Soma-Quality-Recordings
1411307, EYA Records, https://www.discogs.com/label/1411307-EYA-Records
905389, PIV Records, https://www.discogs.com/label/905389-PIV-Records
312905, Phonogramme, https://www.discogs.com/label/312905-Phonogramme
75213, Syncrophone Recordings, https://www.discogs.com/label/75213-Syncrophone-Recordings
74957, Syncrophone, https://www.discogs.com/label/74957-Syncrophone
165903, Leaving Records, https://www.discogs.com/label/165903-Leaving-Records
2943, Le Petit Prince, https://www.discogs.com/label/2943-Le-Petit-Prince
116373, Gondwana Records, https://www.discogs.com/label/116373-Gondwana-Records
14, F Communications, https://www.discogs.com/label/14-F-Communications
683009, LumièresLaNuit, https://www.discogs.com/label/683009-Lumi%C3%A8resLaNuit
118, Talkin' Loud, https://www.discogs.com/label/118-Talkin-Loud
886812, Hostom, https://www.discogs.com/label/886812-Hostom
211, People, https://www.discogs.com/label/211-People
921893, Safe Trip, https://www.discogs.com/label/921893-Safe-Trip
864938, Diffuse Reality, https://www.discogs.com/label/864938-Diffuse-Reality
1764, Gossip Records, https://www.discogs.com/label/1764-Gossip-Records
688, DJ International Records, https://www.discogs.com/label/688-DJ-International-Records
1394, Work Records, https://www.discogs.com/label/1394-Work-Records
2176, Mo'Bizz Recordings, https://www.discogs.com/label/2176-MoBizz-Recordings
7785, ZE Records, https://www.discogs.com/label/7785-ZE-Records
170306, All Inn Records, https://www.discogs.com/label/170306-All-Inn-Records
261832, 4Disco Records, https://www.discogs.com/label/261832-4Disco-Records
906556, OOH-sounds, https://www.discogs.com/label/906556-OOH-sounds
187780, Cruise Music, https://www.discogs.com/label/187780-Cruise-Music
324, Henry Street Music, https://www.discogs.com/label/324-Henry-Street-Music
609, Strictly Rhythm, https://www.discogs.com/label/609-Strictly-Rhythm
2179, Locked On, https://www.discogs.com/label/2179-Locked-On
22430, Blackground Records, https://www.discogs.com/label/22430-Blackground-Records
4212, Ice Cream Records, https://www.discogs.com/label/4212-Ice-Cream-Records
39, i! Records, https://www.discogs.com/label/39-i!-Records
6985, Empire State Records, https://www.discogs.com/label/6985-Empire-State-Records
723, Soulfuric Recordings, https://www.discogs.com/label/723-Soulfuric-Recordings
13941, Soulfuric Deep, https://www.discogs.com/label/13941-Soulfuric-Deep
6704, Soulfuric Trax, https://www.discogs.com/label/6704-Soulfuric-Trax
267, Trax Records, https://www.discogs.com/label/267-Trax-Records
6360, Space Teddy, https://www.discogs.com/label/6360-Space-Teddy
312, Subliminal, https://www.discogs.com/label/312-Subliminal
775, Bambossa, https://www.discogs.com/label/775-Bambossa-Records
289459, Mega Platinum Music, https://www.discogs.com/label/289459-Mega-Platinum-Music
1088, Sondos, https://www.discogs.com/label/1088-Sondos
3644, Gusto Records, https://www.discogs.com/label/3644-Gusto-Records
168364, Fabric Records, https://www.discogs.com/label/168364-Fabric-Records
1115422, Fabric (2), https://www.discogs.com/label/1115422-Fabric-2
1115423, Fabric (3), https://www.discogs.com/label/1115423-Fabric-3
509824, Houndstooth, https://www.discogs.com/label/509824-Houndstooth
78794, Klockworks, https://www.discogs.com/label/78794-Klockworks
11668, Battle Axe Records, https://www.discogs.com/label/11668-Battle-Axe-Records
10, Naked Music Recordings, https://www.discogs.com/label/10-Naked-Music-Recordings
25167, ITH Records, https://www.discogs.com/label/25167-ITH-Records
297, FFRR, https://www.discogs.com/label/297-FFRR
5643, Disco Galaxy Recordings, https://www.discogs.com/label/5643-Disco-Galaxy-Recordings
1840, Vendetta Records, https://www.discogs.com/label/1840-Vendetta-Records
1213, Strut, https://www.discogs.com/label/1213-Strut
47539, Hypnotize Minds, https://www.discogs.com/label/47539-Hypnotize-Minds
940, Multiply Records, https://www.discogs.com/label/940-Multiply-Records
19764, No Limit Records, https://www.discogs.com/label/19764-No-Limit-Records
19735, Rap-A-Lot Records, https://www.discogs.com/label/19735-Rap-A-Lot-Records
2715, Priority Records,https://www.discogs.com/label/2715-Priority-Records
1413, Data Records, https://www.discogs.com/label/1413-Data-Records
1195686, 4 To The Floor, https://www.discogs.com/label/1195686-4-To-The-Floor-2
555650, DFTD, https://www.discogs.com/label/555650-DFTD
1793, Fluential, https://www.discogs.com/label/1793-Fluential
954868, Glitterbox, https://www.discogs.com/label/954868-Glitterbox
602, Slip 'n' Slide, https://www.discogs.com/label/602-Slip-n-Slide
608, Nu Groove Records, https://www.discogs.com/label/608-Nu-Groove-Records
97958, Sumerian Records, https://www.discogs.com/label/97958-Sumerian-Records
55318, BAR25, https://www.discogs.com/label/55318-BAR25
1418598, Ouïe, https://www.discogs.com/label/1418598-Ou%C3%AFe
181641, Apparel Music, https://www.discogs.com/label/181641-Apparel-Music
8847, Get Physical Music, https://www.discogs.com/label/8847-Get-Physical-Music
1740, Moon Harbour Recordings, https://www.discogs.com/label/1740-Moon-Harbour-Recordings
1148126, Peach Discs, https://www.discogs.com/label/1148126-Peach-Discs
182493, Mono-Tone Records, https://www.discogs.com/label/182493-Mono-Tone-Records
3892, Mono Tone, https://www.discogs.com/label/3892-Mono-Tone
32742, Polyphonics Recordings, https://www.discogs.com/label/32742-Polyphonics-Recordings
8321, SuSU, https://www.discogs.com/label/8321-SuSU
2480, Holographic, https://www.discogs.com/label/2480-Holographic
7986, Renaissance Recordings, https://www.discogs.com/label/7986-Renaissance-Recordings
1090, Renaissance, https://www.discogs.com/label/1090-Renaissance
65293, Hed Kandi, https://www.discogs.com/label/65293-Hed-Kandi
1924122, We're Going Deep, https://www.discogs.com/label/1924122-Were-Going-Deep
143584, LoveZone Records, https://www.discogs.com/label/143584-LoveZone-Records
1035758, Be Adult Music, https://www.discogs.com/label/1035758-Be-Adult-Music
74889, 8bit Records, https://www.discogs.com/label/74889-8bit-Records
512471, Melting Bot, https://www.discogs.com/label/512471-Melting-Bot
256418, Scissor and Thread, https://www.discogs.com/label/256418-Scissor-and-Thread
21, Drop Music, https://www.discogs.com/label/21-Drop-Music
745621, Banoffee Pies, https://www.discogs.com/label/745621-Banoffee-Pies
697413, Voyage Recordings, https://www.discogs.com/label/697413-Voyage-Recordings
1312690, Honey Butter Records, https://www.discogs.com/label/1312690-Honey-Butter-Records
13135, Dallas Records, https://www.discogs.com/label/13135-Dallas-Records
7972, Comatonse Recordings, https://www.discogs.com/label/7972-Comatonse-Recordings
619617, Brokntoys, https://www.discogs.com/label/619617-Brokntoys
1020085, Subwax Distribution, https://www.discogs.com/label/1020085-Subwax-Distribution
271342, Boiler Room, https://www.discogs.com/label/271342-Boiler-Room
290686, Dig Dis!, https://www.discogs.com/label/290686-Dig-Dis!
2591329, Mind Music, https://www.discogs.com/label/2591329-Mind-Music-5
1653270, Gemini Wax Records, https://www.discogs.com/label/1653270-Gemini-Wax-Records
202407, Sincopat, https://www.discogs.com/label/202407-Sincopat
19465, Beat Code, https://www.discogs.com/label/19465-Beat-Code
880766, Limitation Music, https://www.discogs.com/label/880766-Limitation-Music
1152, Soundmen On Wax, https://www.discogs.com/label/1152-Soundmen-On-Wax
65, Airtight, https://www.discogs.com/label/65-Airtight
9166, Sensei, https://www.discogs.com/label/9166-Sensei
23, Grayhound Recordings, https://www.discogs.com/label/23-Grayhound-Recordings
1202626, Autektone Records, https://www.discogs.com/label/1202626-Autektone-Records
34102, Sinnbus, https://www.discogs.com/label/34102-Sinnbus
20085, Little Angel Records, https://www.discogs.com/label/20085-Little-Angel-Records
14210, Soulstar, https://www.discogs.com/label/14210-Soulstar
1894, Clubstar, https://www.discogs.com/label/1894-Clubstar
1797, BCC Music, https://www.discogs.com/label/1797-BCC-Music
450274, Pressure Traxx, https://www.discogs.com/label/450274-Pressure-Traxx
678294, Seven Villas, https://www.discogs.com/label/678294-Seven-Villas
503109, Concrete Music, https://www.discogs.com/label/503109-Concrete-Music-4
154546, Neovinyl Recordings, https://www.discogs.com/label/154546-Neovinyl-Recordings
238, Hooj Choons, https://www.discogs.com/label/238-Hooj-Choons
720150, Annulled, https://www.discogs.com/label/720150-Annulled
9260, Eintakt, https://www.discogs.com/label/9260-Eintakt
17786, PWL Records, https://www.discogs.com/label/17786-PWL-Records
2469, PWL International, https://www.discogs.com/label/2469-PWL-International
248, Yellow Productions, https://www.discogs.com/label/248-Yellow-Productions
1232548, Welter Records, https://www.discogs.com/label/1232548-Welter-Records
300702, All Day I Dream, https://www.discogs.com/label/300702-All-Day-I-Dream
631, Elektrolux, https://www.discogs.com/label/631-Elektrolux
6454, Phono Elements, https://www.discogs.com/label/6454-Phono-Elements
1488, Alleviated Records, https://www.discogs.com/label/1488-Alleviated-Records
245, R & S Records, https://www.discogs.com/label/245-R-S-Records
987377, DUPLOC, https://www.discogs.com/label/987377-DUPLOC
387, Mantis Recordings, https://www.discogs.com/label/387-Mantis-Recordings
39519, Lost My Dog, https://www.discogs.com/label/39519-Lost-My-Dog
995484, Confession, https://www.discogs.com/label/995484-Confession
1578685, Threads, https://www.discogs.com/label/1578685-Threads
574843, Amselcom, https://www.discogs.com/label/574843-Amselcom
186450, Suol, https://www.discogs.com/label/186450-Suol
40, Loaded, https://www.discogs.com/label/40-Loaded-Records
1676, Fresh Fruit Records, https://www.discogs.com/label/1676-Fresh-Fruit-Records
192926, Aniara Recordings, https://www.discogs.com/label/192926-Aniara-Recordings
578259, Music From Memory, https://www.discogs.com/label/578259-Music-From-Memory
86690, Meander, https://www.discogs.com/label/86690-Meander
983889, Deeptrax Records, https://www.discogs.com/label/983889-Deeptrax-Records
439777, Greyscale, https://www.discogs.com/label/439777-Greyscale
2619187, Ukiyo Digital, https://www.discogs.com/label/2619187-Ukiyo-Digital
553882, Lizplay Records, https://www.discogs.com/label/553882-Lizplay-Records
273512, DJ-Kicks, https://www.discogs.com/label/273512-DJ-Kicks
96538, Piston Recordings, https://www.discogs.com/label/96538-Piston-Recordings
198701, Bonzai Progressive, https://www.discogs.com/label/198701-Bonzai-Progressive
26544, Banshee Worx BVBA, https://www.discogs.com/label/26544-Banshee-Worx-BVBA
3512, DFC, https://www.discogs.com/label/3512-DFC
717976, The Ded Good Music Library, https://www.discogs.com/label/717976-The-Ded-Good-Music-Library
1105509, Piff Records, https://www.discogs.com/label/1105509-Piff-Records
1731275, ec2a, https://www.discogs.com/label/1731275-ec2a
28975, Rinse Recordings, https://www.discogs.com/label/28975-Rinse-Recordings
669905, Knekelhuis, https://www.discogs.com/label/669905-Knekelhuis
122273, SUBSIST, https://www.discogs.com/label/122273-SUBSIST
1552517, Hxagrm Records, https://www.discogs.com/label/1552517-Hxagrm-Records
465907, Inner Ocean Records, https://www.discogs.com/label/465907-Inner-Ocean-Records
698929, Shanti Radio Moscow, https://www.discogs.com/label/698929-Shanti-Radio-Moscow
1047482, Where The Heart Is, https://www.discogs.com/label/1047482-Where-The-Heart-Is
22518, Great Stuff Recordings, https://www.discogs.com/label/22518-Great-Stuff-Recordings
1850506, One Little Independent Records, https://www.discogs.com/label/1850506-One-Little-Independent-Records
15742, Boss, https://www.discogs.com/label/15742-Boss
1383190, Sofa Sound Bristol, https://www.discogs.com/label/1383190-Sofa-Sound-Bristol
303, Missile Records, https://www.discogs.com/label/303-Missile-Records
3435, Rampant, https://www.discogs.com/label/3435-Rampant
10112, Ozone, https://www.discogs.com/label/10112-Ozone-Recordings
3119, Pharma, https://www.discogs.com/label/3119-Pharma
69, Yoshitoshi Recordings, https://www.discogs.com/label/69-Yoshitoshi-Recordings
621, Guerilla, https://www.discogs.com/label/621-Guerilla
725, Confused Recordings, https://www.discogs.com/label/725-Confused-Recordings
239870, Sounds, https://www.discogs.com/label/239870-Sounds
3515, Communique Records, https://www.discogs.com/label/3515-Communique-Records
2466, Flying Records, https://www.discogs.com/label/2466-Flying-Records
48, Wave Music, https://www.discogs.com/label/48-Wave-Music
8574, Muve Recordings, https://www.discogs.com/label/8574-Muve-Recordings
577999, Audiophile Live, https://www.discogs.com/label/577999-Audiophile-Live
88949, Erased Tapes Records, https://www.discogs.com/label/88949-Erased-Tapes-Records
805937, Tehnofonika Records, https://www.discogs.com/label/805937-Tehnofonika-Records
372779, La Vie En Rose, https://www.discogs.com/label/372779-La-Vie-En-Rose
175945, aDepth audio, https://www.discogs.com/label/175945-aDepth-audio
839564, LoveStyle Records, https://www.discogs.com/label/839564-LoveStyle-Records
1429, Life Enhancing Audio, https://www.discogs.com/label/1429-Life-Enhancing-Audio
26064, N.E.W.S., https://www.discogs.com/label/26064-NEWS
3736, Dataflow Music, https://www.discogs.com/label/3736-Dataflow-Music
1419, Shinichi, https://www.discogs.com/label/1419-Shinichi
1843, Saw Recordings, https://www.discogs.com/label/1843-Saw-Recordings
97715, Ilian Tape, https://www.discogs.com/label/97715-Ilian-Tape
1404081, De La Groove, https://www.discogs.com/label/1404081-De-La-Groove
2664, UMM, https://www.discogs.com/label/2664-UMM
215217, Temiong Recordings, https://www.discogs.com/label/215217-Temiong-Recordings
1283, Taste Recordings, https://www.discogs.com/label/1283-Taste-Recordings
2581, Drehscheibe, https://www.discogs.com/label/2581-Drehscheibe
4119, EDM Progressive, https://www.discogs.com/label/4119-EDM-Progressive
1708715, Insane Industry, https://www.discogs.com/label/1708715-Insane-Industry
1035676, This Never Happened, https://www.discogs.com/label/1035676-This-Never-Happened
6533, Cleveland City Records, https://www.discogs.com/label/6533-Cleveland-City-Records
357489, Apollonia, https://www.discogs.com/label/357489-Apollonia
18406, Freak n' Chic, https://www.discogs.com/label/18406-Freak-n-Chic
10607, Contexterrior, https://www.discogs.com/label/10607-Contexterrior
785029, microqlima, https://www.discogs.com/label/785029-microqlima
57, Distance, https://www.discogs.com/label/57-Distance
2338207, OHM Series, https://www.discogs.com/label/2338207-OHM-Series
51359, Camino Blue Recordings, https://www.discogs.com/label/51359-Camino-Blue-Recordings
66302, Public Image Limited, https://www.discogs.com/artist/66302-Public-Image-Limited
185615, Run For Cover Records, https://www.discogs.com/label/185615-Run-For-Cover-Records-2
1124681, A Friend In Need, https://www.discogs.com/label/1124681-A-Friend-In-Need
80845, Endless Flight, https://www.discogs.com/label/80845-Endless-Flight
124126, Novel Sound, https://www.discogs.com/label/124126-Novel-Sound
383974, PLEASURE ZONE, https://www.discogs.com/label/383974-PLEASURE-ZONE
357949, Steyoyoke, https://www.discogs.com/label/357949-Steyoyoke
261838, Biorecordings, https://www.discogs.com/label/261838-Biorecordings
66320, New Kanada, https://www.discogs.com/label/66320-New-Kanada
363756, Mood Hut, https://www.discogs.com/label/363756-Mood-Hut
487390, Outlaw, https://www.discogs.com/label/487390-Outlaw
148054, Dekmantel, https://www.discogs.com/label/148054-Dekmantel
1952403, Ritmo Fatale, https://www.discogs.com/label/1952403-Ritmo-Fatale
1077332, BodyParts Vinyl, https://www.discogs.com/label/1077332-BodyParts-Vinyl
451598, Body Parts Records, https://www.discogs.com/label/451598-Body-Parts-Records
1182363, Dischi Autunno, https://www.discogs.com/label/1182363-Dischi-Autunno
3021, Rip Records, https://www.discogs.com/label/3021-Rip-Records
873038, Scenario, https://www.discogs.com/label/873038-Scenario-2
6868, Progressive Motion Records, https://www.discogs.com/label/6868-PRG-Progressive-Motion-Records
1700240, Melodeum, https://www.discogs.com/label/1700240-Melodeum
276637, PRSPCT Recordings, https://www.discogs.com/label/276637-PRSPCT-Recordings
5965, Seventh Sense Records, https://www.discogs.com/label/5965-Seventh-Sense-Records
1135, after 6 am, https://www.discogs.com/label/1135-after-6-am
1117, Basic Beat Recordings, https://www.discogs.com/label/1117-Basic-Beat-Recordings
1092, 10 Kilo, https://www.discogs.com/label/1092-10-Kilo
1134318, Tamango Records, https://www.discogs.com/label/1134318-Tamango-Records
5932, Inzec, https://www.discogs.com/label/5932-Inzec
23857, Sugarcane Recordings, https://www.discogs.com/label/23857-Sugarcane-Recordings
38414, Music Man Records, https://www.discogs.com/label/38414-Music-Man-Records
9537, Generator Records, https://www.discogs.com/label/9537-Generator-Records-2
12179, Crib Records, https://www.discogs.com/label/12179-Crib-Records
39701, Zac Music, https://www.discogs.com/label/39701-Zac-Music
709538, RCA Records Factory Italy, https://www.discogs.com/label/709538-RCA-Records-Factory-Italy
442143, New Morning, https://www.discogs.com/label/442143-New-Morning
1142925, FIP, https://www.discogs.com/label/1142925-FIP-3
27139, Radio France, https://www.discogs.com/label/27139-Radio-France
759533, Gents & Dandy's Records, https://www.discogs.com/label/759533-Gents-Dandys-Records
392, Dial, https://www.discogs.com/label/392-Dial
250419, CORRESPONDANT, https://www.discogs.com/label/250419-CORRESPONDANT
62555, Diynamic Music, https://www.discogs.com/label/62555-Diynamic-Music
906282, Analogical Force, https://www.discogs.com/label/906282-Analogical-Force
167083, Fantastic Friends Recordings, https://www.discogs.com/label/167083-Fantastic-Friends-Recordings
358024, Sangoma Records, https://www.discogs.com/label/358024-Sangoma-Records
68242, Rebirth, https://www.discogs.com/label/68242-Rebirth
229006, Visionquest, https://www.discogs.com/label/229006-Visionquest
68404, Herzblut Recordings, https://www.discogs.com/label/68404-Herzblut-Recordings
27358, Systematic, https://www.discogs.com/label/27358-Systematic-3
1168052, Second State, https://www.discogs.com/label/1168052-Second-State
307927, Above Board Distribution, https://www.discogs.com/label/307927-Above-Board-Distribution
114455, Tartelet Records, https://www.discogs.com/label/114455-Tartelet-Records
15638, Cadenza, https://www.discogs.com/label/15638-Cadenza
1746, Ware, https://www.discogs.com/label/1746-Ware
1326, Network Records, https://www.discogs.com/label/1326-Network-Records
110913, LuckyMe, https://www.discogs.com/label/110913-LuckyMe
7357, 4 Track Records, https://www.discogs.com/label/7357-4-Track-Records
6269, Loöq Records, https://www.discogs.com/label/6269-Loöq-Records
24009, Shinemusic, https://www.discogs.com/label/24009-Shinemusic
210306, High Focus Records, https://www.discogs.com/label/210306-High-Focus-Records
1922115, Future Retro London, https://www.discogs.com/label/1922115-Future-Retro-London
46809, Underground Quality, https://www.discogs.com/label/46809-Underground-Quality
1426, Moodmusic, https://www.discogs.com/label/1426-Moodmusic
5729, Rhythm Records, https://www.discogs.com/label/5729-Rhythm-Records
2830079, Report, https://www.discogs.com/label/2830079-Report-4
1195714, ReFace, https://www.discogs.com/label/1195714-ReFace
1760, Cyclo, https://www.discogs.com/label/1760-Cyclo
361, Playhouse, https://www.discogs.com/label/361-Playhouse
2439, Ongaku Musik, https://www.discogs.com/label/2439-Ongaku-Musik
1408, Klang Elektronik, https://www.discogs.com/label/1408-Klang-Elektronik
1383323, The Groove Stage, https://www.discogs.com/label/1383323-The-Groove-Stage
63501, Permanent Vacation, https://www.discogs.com/label/63501-Permanent-Vacation
32976, Downtown, https://www.discogs.com/label/32976-Downtown
1278472, Dansu Discs, https://www.discogs.com/label/1278472-Dansu-Discs
1110297, MoBlack Records, https://www.discogs.com/label/1110297-MoBlack-Records
27044, Fnac Music, https://www.discogs.com/label/27044-Fnac-Music
21865, Casamba, https://www.discogs.com/label/21865-Casamba
2224, DJ-sets.com, https://www.discogs.com/label/2224-DJ-setscom
291217, Extreme Couching, https://www.discogs.com/label/291217-Extreme-Couching
244, Plastic City, https://www.discogs.com/label/244-Plastic-City
416502, United DJs Of America, https://www.discogs.com/label/416502-United-DJs-Of-America
5818, Holistic Recordings, https://www.discogs.com/label/5818-Holistic-Recordings
